//Pessoa-Email-Username-Créditos
Rui;ruimigueldefreitas@gmail.com;ruifreitas;10
Miguel;miguelribeiro@mail.com;miguelribeiro;12
Ricardo;rjs@estg.ipp.pt.com;rjs;10
Fábio;fas@estg.ipp.pt;fas;10
Davide;dcarneiro@estg.ipp.pt;dcarneiro;15
Filipa;filipaoliveira@mail.com;filipaoliveira;10
Ana;anafreitas@mail.com;anafreitas;10
Rita;ritaribeiro@mail.com;ritaribeiro;10
Gonçalo;goncaloleite@mail.com;goncaloleite;10
Pedro;pedrocarvalho@mail.com;pedrocarvalho;10
Helena;helenamendes@mail.com;helenamendes;10
Lionel;lionelteixeira@mail.com;lionelteixeira;10
Pinto;pintodacosta@fcp.pt;pintodacostafcp;10
Henrique;henriquecunha@mail.com;henriquecunha;10
Luísa;luisafaria@mail.com;luisafaria;10
Raul;raul@mail.com;raulsilva;10
